<?xml version="1.0" encoding="UTF-8"?>
<metadata><idinfo><citation><citeinfo><origin>U.S. Department of Commerce, U.S. Census Bureau, Geography Division</origin><pubdate>2010</pubdate><title>NHGIS: TIGER/Line Shapefile, 2010, 2010 nation, U.S., 2010 Census  State and Equivalent National</title><edition>2010</edition><geoform>vector digital data</geoform><onlink>http://www.nhgis.org</onlink><origin>Minnesota Population Center</origin></citeinfo></citation><descript><abstract>The NHGIS is a National Institutes of Health and National Science Foundation-sponsored project to create a digital spatial-temporal database of all available historical US aggregate census materials. The available shapefiles on the NHGIS site represent version 2.0 of historical US state/territory boundary files for the 1790 to 2010 decennial censuses and American Community Survey releases.

The TIGER/Line Files are shapefiles and related database files (.dbf) that are an extract of selected geographic and cartographic information from the U.S. Census Bureau's Master Address File / Topologically Integrated Geographic Encoding and Referencing (MAF/TIGER) Database (MTDB).  The MTDB represents a seamless national file with no overlaps or gaps between parts, however, each TIGER/Line File is designed to stand alone as an independent data set, or they can be combined to cover the entire nation.  States and equivalent entities are the primary governmental divisions of the United States.  In addition to the fifty States, the Census Bureau treats the District of Columbia, Puerto Rico, and each of the Island Areas (American Samoa, the Commonwealth of the Northern Mariana Islands, Guam, and the U.S. Virgin Islands) as the statistical equivalents of States for the purpose of data presentation.</abstract><purpose>These data are based upon work supported by the National Institutes of Health and the National Science Foundation. Its purpose is twofold. First, the NHGIS created and freely distributes a database incorporating all available aggregate census information for the United States between 1790 and 2010. The database contains information for a wide variety of statistical (blocks, block groups, census tracts, metropolitan statistical areas, etc.) and administrative units (places, minor civil divisions, counties, states, etc.). Second, the NHGIS produced and freely distributes boundary files for small areas (census tracts and counties) in the United States. Boundary files for tracts are available for the 1910-2010 decennial censuses and American Community Survey releases, and boundary files for counties and states/territories are available for the 1790-2010 decennial censuses and American Community Survey releases. The boundaries contained in this file do not necessarily represent current legal boundaries. Instead, they represent the boundaries over which the U.S. Census Bureau tabulated and published data at that time.

In order for others to use the information in the Census MAF/TIGER database in a geographic information system (GIS) or for other geographic applications, the Census Bureau releases to the public extracts of the database in the form of TIGER/Line Shapefiles.</purpose><Subject_Entity>United States,US</Subject_Entity></descript><timeperd><timeinfo><rngdates><begdate>201001</begdate><enddate>201007</enddate></rngdates></timeinfo><current>publication date</current></timeperd><status><progress>Complete</progress><update>TIGER/Line Shapefiles are extracted from the Census MAF/TIGER database.  No changes or updates will be made to this version of the TIGER/Line Shapefiles.  Future releases of TIGER/Line Shapefiles will reflect updates made to the Census MAF/TIGER database.</update></status><spdom><bounding><westbc>-179.231086</westbc><eastbc>179.859681</eastbc><northbc>71.441059</northbc><southbc>17.831509</southbc></bounding></spdom><keywords><theme><themekt>ISO 19115 Topic Categories</themekt><themekey>boundaries</themekey></theme><theme><themekt>None</themekt><themekey>Nation</themekey><themekey>Polygon</themekey></theme><place><placekt>INCITS.38-200x (R2004),INCITS.31-200x (R2007),INCITS.454-200x,INCITS 455-200x,INCITS 446-2008</placekt><placekey>United States</placekey><placekey>U.S.</placekey></place></keywords><accconst>None</accconst><useconst>This dataset was produced with an intended application at the state/territory, regional or national level. Appropriate uses include thematic mapping of census data and spatial analysis of census data. These unaltered data may be redistributed by a third party. If these data are altered or incorporated into another dataset, they are not to be redistributed without also: altering the name of the dataset, including a Content Standards for Digital Geospatial Metadata (FGDC-STD-001-1998) compliant metadata file that describes the dataset and reflects the alteration steps that makes the new dataset different from this one, and citing this dataset in the metadata as a source for the altered dataset using the source citation specified below. If these digital data are used in the production of a report or in the compilation of a standalone printed map, then this dataset is to be cited in the report or on the map using the source citation specified below. The following source citation should be used when citing this dataset: Minnesota Population Center. National Historical Geographic Information System: Version 2.0, Minneapolis: MN, University of Minnesota 2011. No fee may be charged for use or distribution. Publications and research reports based on the database must cite it appropriately. Users are requested to send a copy of any publications, research reports, or educational material making use of the data or documentation. Printed matter should be sent to: NHGIS Minnesota Population Center University of Minnesota 50 Willey Hall 225 19th Avenue South Minneapolis, MN 55455.

The TIGER/Line Shapefile products are not copyrighted however TIGER/Line and Census TIGER are registered trademarks of the U.S. Census Bureau.  These products are free to use in a product or publication, however acknowledgement must be given to the U.S. Census Bureau as the source.
The boundary information in the TIGER/Line Shapefiles are for statistical data collection and tabulation purposes only; their depiction and designation for statistical purposes does not constitute a determination of jurisdictional authority or rights of ownership or entitlement and they are not legal land descriptions.Coordinates in the TIGER/Line shapefiles have six implied decimal places, but the positional accuracy of these coordinates is not as great as the six decimal places suggest.</useconst><Title_13_Restrictions>Yes, the data are free from Title 13 restrictions</Title_13_Restrictions><ptcontac><cntinfo><cntorgp><cntorg>Minnesota Population Center</cntorg></cntorgp><cntaddr><addrtype>mailing address</addrtype><address>50 Willey Hall</address><city>Minneapolis</city><state>MN</state><postal>55455</postal><country>United States</country><address>225 19th Ave S</address></cntaddr><cntvoice>612-625-7375</cntvoice><cntemail>nhgis@umn.edu</cntemail></cntinfo></ptcontac></idinfo><Data_Set_Character_Set>8859part1</Data_Set_Character_Set><Data_Set_Language>eng</Data_Set_Language><dataqual><attracc><attraccr>Accurate against Federal Information Processing Standards (FIPS), FIPS Publication 6-4, and FIPS-55 at the 100% level for the codes and base names.  The remaining attribute information has been examined but has not been fully tested for accuracy.</attraccr></attracc><logic>The Census Bureau performed automated tests to ensure logical consistency and limits of shapefiles.  Segments making up the outer and inner boundaries of a polygon tie end-to-end to completely enclose the area.  All polygons are tested for closure.
The Census Bureau uses its internally developed geographic update system to enhance and modify spatial and attribute data in the Census MAF/TIGER database.  Standard geographic codes, such as FIPS codes for states, counties, municipalities, county subdivisions, places, American Indian/Alaska Native/Native Hawaiian areas, and congressional districts are used when encoding spatial entities.  The Census Bureau performed spatial data tests for logical consistency of the codes during the compilation of the original Census MAF/TIGER database files.  Most of the codes for geographic entities except states, counties, urban areas, Core Based Statistical Areas (CBSAs), American Indian Areas (AIAs), and congressional districts were provided to the Census Bureau by the USGS, the agency responsible for maintaining FIPS 55.  Feature attribute information has been examined but has not been fully tested for consistency.
For the TIGER/Line Shapefiles, the Point and Vector Object Count for the G-polygon SDTS Point and Vector Object Type reflects the number of records in the shapefile attribute table.  For multi-polygon features, only one attribute record exists for each multi-polygon rather than one attribute record per individual G-polygon component of the multi-polygon feature.  TIGER/Line Shapefile multi-polygons are an exception to the G-polygon object type classification.  Therefore, when multi-polygons exist in a shapefile, the object count will be less than the actual number of G-polygons.</logic><complete>Data completeness of the TIGER/Line Shapefiles reflects the contents of the Census MAF/TIGER database at the time the TIGER/Line Shapefiles were created.</complete><lineage><srcinfo><srccite><citeinfo><origin>U.S. Department of Commerce, U.S. Census Bureau, Geography Division</origin><pubdate>Unpublished material</pubdate><title>Census MAF/TIGER database</title></citeinfo></srccite><typesrc>online</typesrc><srctime><timeinfo><rngdates><begdate>201001</begdate><enddate>201007</enddate></rngdates></timeinfo><srccurr>publication date</srccurr></srctime><srccitea>MAF/TIGER</srccitea><srccontr>The selected geographic and cartographic information (line segments) are derived from the U.S. Census Bureau's Master Address File Topologically Integrated Geographic Encoding and Referencing (MAF/TIGER) database.</srccontr></srcinfo><procstep><procdesc>TIGER/Line Shapefiles are extracted from the Census MAF/TIGER database by nation, state, county, and entity.  Census MAF/TIGER data for all of the aforementioned geographic entities are then distributed among the shapefiles each containing attributes for line, polygon, or landmark geographic data. </procdesc><srcused>Census MAF/TIGER</srcused><procdate>2010</procdate></procstep><procstep><procdesc>Dataset Copied.</procdesc></procstep><procstep><procdesc>Erased coastal water features. Added and calculated GISJOIN.</procdesc></procstep><procstep><procdesc>Corrected coastal water features on 12-19-2013 in a number of states. Re-erased coastal water feature using corrected water layer. Correction only affected the geometry of existing features; no features were removed in this process.</procdesc></procstep></lineage></dataqual><spdoinfo><indspref>Federal Information Processing Standards (FIPS), ANSI, and feature names.</indspref><direct>Vector</direct><ptvctinf><esriterm Name="US_nation_2010"><efeatyp Sync="TRUE">Simple</efeatyp><efeageom code="4" Sync="TRUE"></efeageom><esritopo Sync="TRUE">FALSE</esritopo><efeacnt Sync="TRUE">0</efeacnt><spindex Sync="TRUE">FALSE</spindex><linrefer Sync="TRUE">FALSE</linrefer></esriterm></ptvctinf></spdoinfo><spref><horizsys><geodetic><horizdn>North American Datum of 1983 in the 48 contiguous states, the District of Columbia, Alaska, Hawaii, Puerto Rico, the Virgin Islands of the United States, and the Pacific Island Areas.</horizdn><ellips>Geodetic Reference System 80</ellips><semiaxis>6378137</semiaxis><denflat>298257</denflat></geodetic></horizsys></spref><eainfo><detailed Name="US_nation_2010"><enttyp><enttypl>STATE10.shp</enttypl><enttypd>2010 Census State and Equivalent National</enttypd><enttypds>U.S. Census Bureau</enttypds><enttypt Sync="TRUE">Feature Class</enttypt><enttypc Sync="TRUE">0</enttypc></enttyp><attr><attrlabl Sync="TRUE">FID</attrlabl><attalias Sync="TRUE">FID</attalias><attrtype Sync="TRUE">OID</attrtype><attwidth Sync="TRUE">4</attwidth><atprecis Sync="TRUE">0</atprecis><attscale Sync="TRUE">0</attscale><attrdef Sync="TRUE">Internal feature number.</attrdef><attrdefs Sync="TRUE">Esri</attrdefs><attrdomv><udom Sync="TRUE">Sequential unique whole numbers that are automatically generated.</udom></attrdomv></attr><attr><attrlabl Sync="TRUE">Shape</attrlabl><attalias Sync="TRUE">Shape</attalias><attrtype Sync="TRUE">Geometry</attrtype><attwidth Sync="TRUE">0</attwidth><atprecis Sync="TRUE">0</atprecis><attscale Sync="TRUE">0</attscale><attrdef Sync="TRUE">Feature geometry.</attrdef><attrdefs Sync="TRUE">Esri</attrdefs><attrdomv><udom Sync="TRUE">Coordinates defining the features.</udom></attrdomv></attr><attr><attrlabl Sync="TRUE">GISJOIN</attrlabl><attalias Sync="TRUE">GISJOIN</attalias><attrtype Sync="TRUE">String</attrtype><attwidth Sync="TRUE">2</attwidth><atprecis Sync="TRUE">0</atprecis><attscale Sync="TRUE">0</attscale></attr><attr><attrlabl Sync="TRUE">Shape_area</attrlabl><attalias Sync="TRUE">Shape_area</attalias><attrtype Sync="TRUE">Double</attrtype><attwidth Sync="TRUE">19</attwidth><atprecis Sync="TRUE">0</atprecis><attscale Sync="TRUE">0</attscale><attrdef Sync="TRUE">Area of feature in internal units squared.</attrdef><attrdefs Sync="TRUE">Esri</attrdefs><attrdomv><udom Sync="TRUE">Positive real numbers that are automatically generated.</udom></attrdomv></attr><attr><attrlabl Sync="TRUE">Shape_len</attrlabl><attalias Sync="TRUE">Shape_len</attalias><attrtype Sync="TRUE">Double</attrtype><attwidth Sync="TRUE">19</attwidth><atprecis Sync="TRUE">0</atprecis><attscale Sync="TRUE">0</attscale></attr></detailed></eainfo><distinfo><distrib><cntinfo><cntorgp><cntorg>Minnesota Population Center</cntorg></cntorgp><cntaddr><addrtype>mailing address</addrtype><address>50 Willey Hall</address><city>Minneapolis</city><state>MN</state><postal>55455</postal><country>United States</country><address>225 19th Ave S</address></cntaddr><cntvoice>612-625-7375</cntvoice><cntemail>nhgis@umn.edu</cntemail></cntinfo></distrib><distliab>No warranty, expressed or implied is made with regard to the accuracy of these data, and no liability is assumed by the U.S. Government in general or the U.S. Census Bureau in specific as to the spatial or attribute accuracy of the data.  The act of distribution shall not constitute any such warranty and no responsibility is assumed by the U.S. government in the use of these files.  The boundary information in the TIGER/Line Shapefiles is for statistical data collection and tabulation purposes only; their depiction and designation for statistical purposes do not constitute a determination of jurisdictional authority or rights of ownership or entitlement and they are not legal land descriptions.</distliab><stdorder><digform><digtinfo><formname>TGRSHP (compressed)</formname><filedec>PK-ZIP, version 1.93 A or higher</filedec></digtinfo><digtopt><onlinopt><computer><networka><networkr>http://www.census.gov/geo/www/tiger</networkr></networka></computer></onlinopt><offoptn><offmedia>DVD-ROM (Only if offered offline)</offmedia><recfmt>ISO 9660</recfmt></offoptn></digtopt></digform><fees>NHGIS files may be accessed without charge.</fees></stdorder><techpreq>The TIGER/Line shapefiles contain geographic data only and do not include display mapping software or statistical data.  For information on how to use the TIGER/Line shapefile data with specific software package users shall contact the company that produced the software.</techpreq></distinfo><metainfo><metd>20100507</metd><metc><cntinfo><cntorgp><cntorg>Minnesota Populaton Center</cntorg></cntorgp><cntaddr><addrtype>mailing address</addrtype><address>50 Willey Hall</address><city>Minneapolis</city><state>MN</state><postal>55455</postal><country>United States</country><address>225 19th Ave S</address></cntaddr><cntvoice>612-625-7375</cntvoice><cntemail>nhgis@umn.edu</cntemail></cntinfo></metc><metstdn>FGDC Content Standards for Digital Geospatial Metadata</metstdn><metstdv>FGDC-STD-001-1998</metstdv><Metadata_Character_Set>8859part1</Metadata_Character_Set><Metadata_File_Identifier>tl_2010_us_state10.shp.xml</Metadata_File_Identifier><Metadata_Language>eng</Metadata_Language></metainfo><dataIdInfo><envirDesc Sync="TRUE">Microsoft Windows 7 Version 6.1 (Build 7601) Service Pack 1; Esri ArcGIS 10.1.1.3143</envirDesc><dataLang><languageCode value="eng" Sync="TRUE"/><countryCode value="USA" Sync="TRUE"/></dataLang><idCitation><resTitle Sync="TRUE">US_nation_2010</resTitle><presForm><PresFormCd value="005" Sync="TRUE"/></presForm></idCitation><spatRpType><SpatRepTypCd value="001" Sync="TRUE"/></spatRpType><dataExt><geoEle><GeoBndBox esriExtentType="search"><exTypeCode Sync="TRUE">1</exTypeCode><westBL Sync="TRUE">-180.000000</westBL><eastBL Sync="TRUE">180.000000</eastBL><northBL Sync="TRUE">85.442551</northBL><southBL Sync="TRUE">1.316355</southBL></GeoBndBox></geoEle></dataExt></dataIdInfo><mdLang><languageCode value="eng" Sync="TRUE"/><countryCode value="USA" Sync="TRUE"/></mdLang><mdChar><CharSetCd value="006" Sync="TRUE"/></mdChar><Esri><DataProperties><itemProps><itemName Sync="TRUE">US_nation_2010</itemName><imsContentType Sync="TRUE">002</imsContentType><itemSize Sync="TRUE">0.000</itemSize><itemLocation><linkage Sync="TRUE">file://\\MPC-5DBDFQ1\C$\Workspace\NHGIS_2010Update\US_nation_2010.shp</linkage><protocol Sync="TRUE">Local Area Network</protocol></itemLocation><nativeExtBox><westBL Sync="TRUE">-6858340.773000</westBL><eastBL Sync="TRUE">3231157.779900</eastBL><southBL Sync="TRUE">-2078742.008700</southBL><northBL Sync="TRUE">4412891.451100</northBL><exTypeCode Sync="TRUE">1</exTypeCode></nativeExtBox></itemProps><coordRef><type Sync="TRUE">Projected</type><geogcsn Sync="TRUE">GCS_North_American_1983</geogcsn><csUnits Sync="TRUE">Linear Unit: Meter (1.000000)</csUnits><peXml Sync="TRUE">&lt;ProjectedCoordinateSystem xsi:type='typens:ProjectedCoordinateSystem' xmlns:xsi='http://www.w3.org/2001/XMLSchema-instance' xmlns:xs='http://www.w3.org/2001/XMLSchema' xmlns:typens='http://www.esri.com/schemas/ArcGIS/10.1'&gt;&lt;WKT&gt;PROJCS[&amp;quot;USA_Contiguous_Albers_Equal_Area_Conic&amp;quot;,GEOGCS[&amp;quot;GCS_North_American_1983&amp;quot;,DATUM[&amp;quot;D_North_American_1983&amp;quot;,SPHEROID[&amp;quot;GRS_1980&amp;quot;,6378137.0,298.257222101]],PRIMEM[&amp;quot;Greenwich&amp;quot;,0.0],UNIT[&amp;quot;Degree&amp;quot;,0.0174532925199433]],PROJECTION[&amp;quot;Albers&amp;quot;],PARAMETER[&amp;quot;False_Easting&amp;quot;,0.0],PARAMETER[&amp;quot;False_Northing&amp;quot;,0.0],PARAMETER[&amp;quot;Central_Meridian&amp;quot;,-96.0],PARAMETER[&amp;quot;Standard_Parallel_1&amp;quot;,29.5],PARAMETER[&amp;quot;Standard_Parallel_2&amp;quot;,45.5],PARAMETER[&amp;quot;Latitude_Of_Origin&amp;quot;,37.5],UNIT[&amp;quot;Meter&amp;quot;,1.0],AUTHORITY[&amp;quot;ESRI&amp;quot;,102003]]&lt;/WKT&gt;&lt;XOrigin&gt;-16901100&lt;/XOrigin&gt;&lt;YOrigin&gt;-8579000&lt;/YOrigin&gt;&lt;XYScale&gt;266467840.99085236&lt;/XYScale&gt;&lt;ZOrigin&gt;-100000&lt;/ZOrigin&gt;&lt;ZScale&gt;10000&lt;/ZScale&gt;&lt;MOrigin&gt;-100000&lt;/MOrigin&gt;&lt;MScale&gt;10000&lt;/MScale&gt;&lt;XYTolerance&gt;0.001&lt;/XYTolerance&gt;&lt;ZTolerance&gt;0.001&lt;/ZTolerance&gt;&lt;MTolerance&gt;0.001&lt;/MTolerance&gt;&lt;HighPrecision&gt;true&lt;/HighPrecision&gt;&lt;WKID&gt;102003&lt;/WKID&gt;&lt;LatestWKID&gt;102003&lt;/LatestWKID&gt;&lt;/ProjectedCoordinateSystem&gt;</peXml><projcsn Sync="TRUE">USA_Contiguous_Albers_Equal_Area_Conic</projcsn></coordRef><lineage><Process ToolSource="c:\program files (x86)\arcgis\desktop10.1\ArcToolbox\Toolboxes\Data Management Tools.tbx\Merge" Date="20121112" Time="123153">Merge C:\Workspace\TIGER2010\STATE\2010\unzipped\tl_2010_us_state10.shp C:\Workspace\TIGER2010\STATE\2010\unzipped\merge\tl2010_2010_state.shp "REGION10 "REGION10" true true false 2 Text 0 0 ,First,#,C:\Workspace\TIGER2010\STATE\2010\unzipped\tl_2010_us_state10.shp,REGION10,-1,-1;DIVISION10 "DIVISION10" true true false 2 Text 0 0 ,First,#,C:\Workspace\TIGER2010\STATE\2010\unzipped\tl_2010_us_state10.shp,DIVISION10,-1,-1;STATEFP10 "STATEFP10" true true false 2 Text 0 0 ,First,#,C:\Workspace\TIGER2010\STATE\2010\unzipped\tl_2010_us_state10.shp,STATEFP10,-1,-1;STATENS10 "STATENS10" true true false 8 Text 0 0 ,First,#,C:\Workspace\TIGER2010\STATE\2010\unzipped\tl_2010_us_state10.shp,STATENS10,-1,-1;GEOID10 "GEOID10" true true false 2 Text 0 0 ,First,#,C:\Workspace\TIGER2010\STATE\2010\unzipped\tl_2010_us_state10.shp,GEOID10,-1,-1;STUSPS10 "STUSPS10" true true false 2 Text 0 0 ,First,#,C:\Workspace\TIGER2010\STATE\2010\unzipped\tl_2010_us_state10.shp,STUSPS10,-1,-1;NAME10 "NAME10" true true false 100 Text 0 0 ,First,#,C:\Workspace\TIGER2010\STATE\2010\unzipped\tl_2010_us_state10.shp,NAME10,-1,-1;LSAD10 "LSAD10" true true false 2 Text 0 0 ,First,#,C:\Workspace\TIGER2010\STATE\2010\unzipped\tl_2010_us_state10.shp,LSAD10,-1,-1;MTFCC10 "MTFCC10" true true false 5 Text 0 0 ,First,#,C:\Workspace\TIGER2010\STATE\2010\unzipped\tl_2010_us_state10.shp,MTFCC10,-1,-1;FUNCSTAT10 "FUNCSTAT10" true true false 1 Text 0 0 ,First,#,C:\Workspace\TIGER2010\STATE\2010\unzipped\tl_2010_us_state10.shp,FUNCSTAT10,-1,-1;ALAND10 "ALAND10" true true false 14 Double 0 14 ,First,#,C:\Workspace\TIGER2010\STATE\2010\unzipped\tl_2010_us_state10.shp,ALAND10,-1,-1;AWATER10 "AWATER10" true true false 14 Double 0 14 ,First,#,C:\Workspace\TIGER2010\STATE\2010\unzipped\tl_2010_us_state10.shp,AWATER10,-1,-1;INTPTLAT10 "INTPTLAT10" true true false 11 Text 0 0 ,First,#,C:\Workspace\TIGER2010\STATE\2010\unzipped\tl_2010_us_state10.shp,INTPTLAT10,-1,-1;INTPTLON10 "INTPTLON10" true true false 12 Text 0 0 ,First,#,C:\Workspace\TIGER2010\STATE\2010\unzipped\tl_2010_us_state10.shp,INTPTLON10,-1,-1"</Process><Process ToolSource="c:\program files (x86)\arcgis\desktop10.1\ArcToolbox\Toolboxes\Data Management Tools.tbx\Project" Date="20121113" Time="143529">Project C:\Workspace\TIGER2010\STATE\2010\unzipped\merge\tl2010_2010_state.shp C:\Users\borah\Documents\NHGIS_dev.sde\nhgis_dev.BORAH.tl2010_2010_state PROJCS['North_America_Albers_Equal_Area_Conic',GEOGCS['GCS_North_American_1983',DATUM['D_North_American_1983',SPHEROID['GRS_1980',6378137.0,298.257222101]],PRIMEM['Greenwich',0.0],UNIT['Degree',0.0174532925199433]],PROJECTION['Albers'],PARAMETER['False_Easting',0.0],PARAMETER['False_Northing',0.0],PARAMETER['Central_Meridian',-96.0],PARAMETER['Standard_Parallel_1',20.0],PARAMETER['Standard_Parallel_2',60.0],PARAMETER['Latitude_Of_Origin',40.0],UNIT['Meter',1.0]] # GEOGCS['GCS_North_American_1983',DATUM['D_North_American_1983',SPHEROID['GRS_1980',6378137.0,298.257222101]],PRIMEM['Greenwich',0.0],UNIT['Degree',0.0174532925199433]]</Process><Process ToolSource="c:\program files (x86)\arcgis\desktop10.1\ArcToolbox\Toolboxes\Data Management Tools.tbx\CalculateField" Date="20130220" Time="081652">CalculateField nhgis_dev.BORAH.tl2010_2010_state GISJOIN ""G" &amp; [STATEFP10] &amp; "0"" VB #</Process><Process ToolSource="c:\program files (x86)\arcgis\desktop10.1\ArcToolbox\Toolboxes\Data Management Tools.tbx\Dissolve" Date="20130423" Time="123941">Dissolve nhgis_prod.BORAH.tl2010_2010_states_no_PR C:\Users\borah\Documents\NHGIS_prod.sde\nhgis_prod.BORAH.tl2010_2010_states_no_PR_nationattempt1 MTFCC10 # MULTI_PART DISSOLVE_LINES</Process><Process ToolSource="c:\program files (x86)\arcgis\desktop10.1\ArcToolbox\Toolboxes\Data Management Tools.tbx\CalculateField" Date="20130423" Time="124240">CalculateField nhgis_prod.BORAH.tl2010_2010_states_no_PR_nationattempt1 GISJOIN "G1" VB #</Process><Process ToolSource="c:\program files (x86)\arcgis\desktop10.1\ArcToolbox\Toolboxes\Data Management Tools.tbx\Project" Date="20130501" Time="124123">Project C:\Users\borah\Documents\NHGIS_dev.sde\nhgis_dev.BORAH.tl2010_2010_nation_Rename C:\Users\borah\Documents\NHGIS_dev.sde\nhgis_dev.BORAH.tl2010_2010_nation PROJCS['USA_Contiguous_Albers_Equal_Area_Conic',GEOGCS['GCS_North_American_1983',DATUM['D_North_American_1983',SPHEROID['GRS_1980',6378137.0,298.257222101]],PRIMEM['Greenwich',0.0],UNIT['Degree',0.0174532925199433]],PROJECTION['Albers'],PARAMETER['False_Easting',0.0],PARAMETER['False_Northing',0.0],PARAMETER['Central_Meridian',-96.0],PARAMETER['Standard_Parallel_1',29.5],PARAMETER['Standard_Parallel_2',45.5],PARAMETER['Latitude_Of_Origin',37.5],UNIT['Meter',1.0]] # PROJCS['North_America_Albers_Equal_Area_Conic',GEOGCS['GCS_North_American_1983',DATUM['D_North_American_1983',SPHEROID['GRS_1980',6378137.0,298.257222101]],PRIMEM['Greenwich',0.0],UNIT['Degree',0.0174532925199433]],PROJECTION['Albers'],PARAMETER['False_Easting',0.0],PARAMETER['False_Northing',0.0],PARAMETER['Central_Meridian',-96.0],PARAMETER['Standard_Parallel_1',20.0],PARAMETER['Standard_Parallel_2',60.0],PARAMETER['Latitude_Of_Origin',40.0],UNIT['Meter',1.0]]</Process><Process ToolSource="c:\program files (x86)\arcgis\desktop10.1\ArcToolbox\Toolboxes\Analysis Tools.tbx\Erase" Date="20131213" Time="113845">Erase nhgis_dev.BORAH.tl2010_2010_nation nhgis_dev.BORAH.US_All_2010_water_final C:\Workspace\NHGIS_2010Update\US_nation_2010.shp #</Process><Process Name="Calculate Field (2)" ToolSource="c:\program files (x86)\arcgis\desktop10.2\ArcToolbox\Toolboxes\Data Management Tools.tbx\CalculateField" Date="20140206" Time="104209">CalculateField Z:\istads\data\shape\tl2010\base\nongen\nation\US_nation_2010.shp Shape_Area "!shape.area@squaremeters!    " PYTHON #</Process><Process Name="Calculate Field" ToolSource="c:\program files (x86)\arcgis\desktop10.2\ArcToolbox\Toolboxes\Data Management Tools.tbx\CalculateField" Date="20140206" Time="104224">CalculateField Z:\istads\data\shape\tl2010\base\nongen\nation\US_nation_2010.shp Shape_Len "!shape.length@METERS! " PYTHON #</Process><Process Name="Calculate Field (2)" ToolSource="c:\program files (x86)\arcgis\desktop10.2\ArcToolbox\Toolboxes\Data Management Tools.tbx\CalculateField" Date="20140206" Time="115857">CalculateField Z:\istads\data\shape\tl2010\base\nongen\nation\US_nation_2010.shp Shape_Area "!shape.area@squaremeters!    " PYTHON #</Process><Process Name="Calculate Field" ToolSource="c:\program files (x86)\arcgis\desktop10.2\ArcToolbox\Toolboxes\Data Management Tools.tbx\CalculateField" Date="20140206" Time="115903">CalculateField Z:\istads\data\shape\tl2010\base\nongen\nation\US_nation_2010.shp Shape_Len "!shape.length@METERS! " PYTHON #</Process><Process ToolSource="c:\arcgis\pro\Resources\ArcToolbox\toolboxes\Data Management Tools.tbx\Project" Date="20210120" Time="170512">Project US_nation_2010 C:\Users\jlarsen\Desktop\ml_outliers\data\US_nation_2010_alb83.shp PROJCS['NAD_1983_Contiguous_USA_Albers',GEOGCS['GCS_North_American_1983',DATUM['D_North_American_1983',SPHEROID['GRS_1980',6378137.0,298.257222101]],PRIMEM['Greenwich',0.0],UNIT['Degree',0.0174532925199433]],PROJECTION['Albers'],PARAMETER['False_Easting',0.0],PARAMETER['False_Northing',0.0],PARAMETER['Central_Meridian',-96.0],PARAMETER['Standard_Parallel_1',29.5],PARAMETER['Standard_Parallel_2',45.5],PARAMETER['Latitude_Of_Origin',23.0],UNIT['Meter',1.0]] # PROJCS['USA_Contiguous_Albers_Equal_Area_Conic',GEOGCS['GCS_North_American_1983',DATUM['D_North_American_1983',SPHEROID['GRS_1980',6378137.0,298.257222101]],PRIMEM['Greenwich',0.0],UNIT['Degree',0.0174532925199433]],PROJECTION['Albers'],PARAMETER['False_Easting',0.0],PARAMETER['False_Northing',0.0],PARAMETER['Central_Meridian',-96.0],PARAMETER['Standard_Parallel_1',29.5],PARAMETER['Standard_Parallel_2',45.5],PARAMETER['Latitude_Of_Origin',37.5],UNIT['Meter',1.0]] NO_PRESERVE_SHAPE # NO_VERTICAL</Process></lineage></DataProperties><SyncDate>20131213</SyncDate><SyncTime>11343800</SyncTime><ModDate>20131213</ModDate><ModTime>11343800</ModTime><CreaDate>20210120</CreaDate><CreaTime>17051200</CreaTime><ArcGISFormat>1.0</ArcGISFormat><SyncOnce>FALSE</SyncOnce><ArcGISstyle>FGDC CSDGM Metadata</ArcGISstyle></Esri><distInfo><distFormat><formatName Sync="TRUE">Shapefile</formatName></distFormat><distTranOps><transSize Sync="TRUE">0.000</transSize></distTranOps></distInfo><mdHrLv><ScopeCd value="005" Sync="TRUE"/></mdHrLv><mdHrLvName Sync="TRUE">dataset</mdHrLvName><refSysInfo><RefSystem><refSysID><identCode code="102003" Sync="TRUE"/><idCodeSpace Sync="TRUE">ESRI</idCodeSpace><idVersion Sync="TRUE">10.1.1</idVersion></refSysID></RefSystem></refSysInfo><spatRepInfo><VectSpatRep><geometObjs Name="US_nation_2010"><geoObjTyp><GeoObjTypCd value="002" Sync="TRUE"></GeoObjTypCd></geoObjTyp><geoObjCnt Sync="TRUE">0</geoObjCnt></geometObjs><topLvl><TopoLevCd value="001" Sync="TRUE"></TopoLevCd></topLvl></VectSpatRep></spatRepInfo><mdDateSt Sync="TRUE">20131213</mdDateSt></metadata>
